1,Sigmund LLelweln,Mysore,1
2,Megen Trathen,Bangalore,2
3,Nora Kiff,Hyderabad,5
4,Olimpia Szymonwicz,Pune,3
5,Tyson MacGibbon,Chennai,6
6,Antone Clench,Hyderabad,4
7,Lidia Paolazzi,Bangalore,5
8,Lilia Errol,Hyderabad,2
9,Jordan Mantrup,Hyderabad,1
10,Guglielmo Aronovich,Pune,4
11,Berna Herculson,Bangalore,6
12,Lucy Stainton,Bangalore,6
13,Catarina Luetchford,Chennai,5
14,Madlin O'Hogertie,Chennai,1
15,Kelwin Giacomo,Bangalore,2
16,Artie Knowling,Chennai,3
17,Ilise Maguire,Mysore,5
18,Cherye Pantlin,Chennai,2
19,Vicky Frobisher,Pune,2
20,Steward Skarin,Mysore,3
21,Ulysses Breens,Mumbai,6
22,Hope Muncaster,Mysore,4
23,Sax Rankin,Hyderabad,5
24,Mortimer Dunbar,Bangalore,4
25,Northrop Richardson,Mysore,1
26,Florentia McSperron,Chennai,3
27,Maureen Southers,Bangalore,4
28,Emlyn Delacroix,Hyderabad,2
29,Danita Lang,Hyderabad,1
30,Eziechiele Aggus,Mysore,2
31,Codee Heffernan,Bangalore,6
32,Terri Pantone,Mysore,1
33,Charline Seary,Bangalore,3
34,Ewart Chalkly,Mysore,2
35,Wilmer Tripony,Chennai,5
36,Noam Prangley,Hyderabad,1
37,Hurley Ewenson,Pune,1
38,Nestor Finden,Mumbai,1
39,Devinne Lowdes,Mumbai,2
40,Georgina Barrs,Chennai,5
41,Alison Ragborne,Mysore,5
42,Standford Danilchik,Hyderabad,6
43,Meaghan Kryzhov,Mysore,4
44,Jordain Leile,Hyderabad,4
45,Salomo Buxcy,Chennai,5
46,Ingrid Newvell,Chennai,4
47,Ursuline Elsbury,Chennai,6
48,Kathy Lasseter,Chennai,2
49,Arni Bohey,Chennai,1
50,Panchito Danovich,Bangalore,4
51,Leda Abeau,Mysore,4
52,Noach Dedrick,Bangalore,5
53,Natal Hessenthaler,Mumbai,6
54,Sebastiano Jest,Pune,4
55,Bronson Woodyear,Mysore,4
56,Les Haith,Mumbai,5
57,Danell Antwis,Mumbai,1
58,Thibaud Olenichev,Mysore,2
59,Chevy Kermannes,Mysore,3
60,Sarine Kynaston,Pune,4
61,Den Tarte,Mysore,3
62,Tomlin Huggett,Pune,4
63,Shaw Broschke,Chennai,3
64,Sutherlan Nuschke,Chennai,5
65,Alaric Crust,Bangalore,6
66,Denna Beviss,Chennai,4
67,Fidel Twiname,Bangalore,2
68,Beitris Shiril,Chennai,6
69,Corie Halliday,Mysore,2
70,Joycelin Betteney,Bangalore,6
71,Hayward Skune,Mumbai,1
72,Shir O' Cuolahan,Pune,5
73,Harli Ranner,Hyderabad,6
74,Onfre Tinton,Bangalore,5
75,Valerie O'Lahy,Hyderabad,1
76,Bern Thornewill,Mysore,1
77,Roch Bettinson,Mumbai,4
78,Rhody Jouannin,Bangalore,4
79,Lesli Piche,Hyderabad,5
80,Tanney Arenson,Chennai,1
81,Patsy Pitkeathley,Pune,5
82,Bruis Collishaw,Pune,3
83,Anne Fairfoull,Mysore,6
84,Rozina Clewett,Mumbai,5
85,Enrica Kohnemann,Bangalore,2
86,Benita Darben,Mumbai,4
87,Morissa Ashworth,Hyderabad,3
88,Goldy Bolderstone,Hyderabad,4
89,Dela Ferguson,Chennai,6
90,Arch Houchin,Pune,1
91,Cecile O'Ferris,Chennai,5
92,Elie Fritche,Pune,6
93,Ula Teape,Mysore,4
94,Tadd Hillaby,Mumbai,2
95,Alia Ocheltree,Hyderabad,2
96,Lilith Faas,Chennai,1
97,Fransisco Minshall,Mysore,5
98,Nanine Adamovitch,Hyderabad,4
99,Rhys Sangar,Mysore,4
100,Corey Jevon,Mumbai,6
